"Address","Occurrences","Meta Robots 1","Meta Robots 2","X-Robots-Tag 1","Meta Refresh 1","Canonical Link Element 1","HTTP Canonical","Indexability","Indexability Status"
"https://voiceoverstudiofinder.com/AbacusNYC","2","index, follow","index, follow, max-video-preview:-1, max-image-preview:large, max-snippet:-1","","","","","Indexable",""
"https://voiceoverstudiofinder.com/ALXVoice","2","noindex, nofollow","noindex, nofollow, max-video-preview:-1, max-image-preview:large, max-snippet:-1","","","","","Non-Indexable","noindex"
"https://voiceoverstudiofinder.com/ATLVOStudio","2","index, follow","index, follow, max-video-preview:-1, max-image-preview:large, max-snippet:-1","","","","","Indexable",""
"https://voiceoverstudiofinder.com/80hertzstudios","2","index, follow","index, follow, max-video-preview:-1, max-image-preview:large, max-snippet:-1","","","","","Indexable",""
"https://voiceoverstudiofinder.com/AbsolutaAudio","2","index, follow","index, follow, max-video-preview:-1, max-image-preview:large, max-snippet:-1","","","","","Indexable",""
"https://voiceoverstudiofinder.com/Aerial","2","index, follow","index, follow, max-video-preview:-1, max-image-preview:large, max-snippet:-1","","","","","Indexable",""
"https://voiceoverstudiofinder.com/Adders","2","index, follow","index, follow, max-video-preview:-1, max-image-preview:large, max-snippet:-1","","","","","Indexable",""
"https://voiceoverstudiofinder.com/Alastair-Cameron","2","index, follow","index, follow, max-video-preview:-1, max-image-preview:large, max-snippet:-1","","","","","Indexable",""
"https://voiceoverstudiofinder.com/AlexanderRodriguez","2","index, follow","index, follow, max-video-preview:-1, max-image-preview:large, max-snippet:-1","","","","","Indexable",""
"https://voiceoverstudiofinder.com/AlfonsoOLopez","2","index, follow","index, follow, max-video-preview:-1, max-image-preview:large, max-snippet:-1","","","","","Indexable",""
"https://voiceoverstudiofinder.com/AlisonMcKay","2","index, follow","index, follow, max-video-preview:-1, max-image-preview:large, max-snippet:-1","","","","","Indexable",""
"https://voiceoverstudiofinder.com/AlphaStudios","2","index, follow","index, follow, max-video-preview:-1, max-image-preview:large, max-snippet:-1","","","","","Indexable",""
"https://voiceoverstudiofinder.com/Americanvoicepower","2","index, follow","index, follow, max-video-preview:-1, max-image-preview:large, max-snippet:-1","","","","","Indexable",""
"https://voiceoverstudiofinder.com/AnaClements","2","index, follow","index, follow, max-video-preview:-1, max-image-preview:large, max-snippet:-1","","","","","Indexable",""
"https://voiceoverstudiofinder.com/AnaCristinaDoñoroRodriguez","2","noindex","noindex, nofollow","","","","","Non-Indexable","noindex"
"https://voiceoverstudiofinder.com/AndrewvoiceCT","2","index, follow","index, follow, max-video-preview:-1, max-image-preview:large, max-snippet:-1","","","","","Indexable",""
"https://voiceoverstudiofinder.com/AndyField","2","index, follow","index, follow, max-video-preview:-1, max-image-preview:large, max-snippet:-1","","","","","Indexable",""
"https://voiceoverstudiofinder.com/Andyt","2","index, follow","index, follow, max-video-preview:-1, max-image-preview:large, max-snippet:-1","","","","","Indexable",""
"https://voiceoverstudiofinder.com/AntonioLuisGarcia","2","index, follow","index, follow, max-video-preview:-1, max-image-preview:large, max-snippet:-1","","","","","Indexable",""
"https://voiceoverstudiofinder.com/Apollo11Studios","2","index, follow","index, follow, max-video-preview:-1, max-image-preview:large, max-snippet:-1","","","","","Indexable",""
"https://voiceoverstudiofinder.com/Aprilwattsvoiceover","2","index, follow","index, follow, max-video-preview:-1, max-image-preview:large, max-snippet:-1","","","","","Indexable",""
"https://voiceoverstudiofinder.com/AudioTake","2","index, follow","index, follow, max-video-preview:-1, max-image-preview:large, max-snippet:-1","","","","","Indexable",""
"https://voiceoverstudiofinder.com/AudioTango","2","index, follow","index, follow, max-video-preview:-1, max-image-preview:large, max-snippet:-1","","","","","Indexable",""
"https://voiceoverstudiofinder.com/Audiomaxnet","2","index, follow","index, follow, max-video-preview:-1, max-image-preview:large, max-snippet:-1","","","","","Indexable",""
"https://voiceoverstudiofinder.com/Aurelien","2","index, follow","index, follow, max-video-preview:-1, max-image-preview:large, max-snippet:-1","","","","","Indexable",""
"https://voiceoverstudiofinder.com/Azimuth","2","index, follow","index, follow, max-video-preview:-1, max-image-preview:large, max-snippet:-1","","","","","Indexable",""
"https://voiceoverstudiofinder.com/BPS","2","index, follow","index, follow, max-video-preview:-1, max-image-preview:large, max-snippet:-1","","","","","Indexable",""
"https://voiceoverstudiofinder.com/BeeProductive","2","noindex, nofollow","noindex, nofollow, max-video-preview:-1, max-image-preview:large, max-snippet:-1","","","","","Non-Indexable","noindex"
"https://voiceoverstudiofinder.com/BethDavisonPresents","2","index, follow","index, follow, max-video-preview:-1, max-image-preview:large, max-snippet:-1","","","","","Indexable",""
"https://voiceoverstudiofinder.com/BethDavisonSounds","2","index, follow","index, follow, max-video-preview:-1, max-image-preview:large, max-snippet:-1","","","","","Indexable",""
"https://voiceoverstudiofinder.com/BirdBoxVox","2","index, follow","index, follow, max-video-preview:-1, max-image-preview:large, max-snippet:-1","","","","","Indexable",""
"https://voiceoverstudiofinder.com/BlueRoomDC","2","noindex, nofollow","noindex, nofollow, max-video-preview:-1, max-image-preview:large, max-snippet:-1","","","","","Non-Indexable","noindex"
"https://voiceoverstudiofinder.com/BobbinBeam","2","index, follow","index, follow, max-video-preview:-1, max-image-preview:large, max-snippet:-1","","","","","Indexable",""
"https://voiceoverstudiofinder.com/BritishSarah","2","index, follow","index, follow, max-video-preview:-1, max-image-preview:large, max-snippet:-1","","","","","Indexable",""
"https://voiceoverstudiofinder.com/BruceDuncanVO","2","index, follow","index, follow, max-video-preview:-1, max-image-preview:large, max-snippet:-1","","","","","Indexable",""
"https://voiceoverstudiofinder.com/CMRstudio","2","noindex","noindex, nofollow","","","","","Non-Indexable","noindex"
"https://voiceoverstudiofinder.com/BudapestAudio","2","index, follow","index, follow, max-video-preview:-1, max-image-preview:large, max-snippet:-1","","","","","Indexable",""
"https://voiceoverstudiofinder.com/CanongateStudios","2","index, follow","index, follow, max-video-preview:-1, max-image-preview:large, max-snippet:-1","","","","","Indexable",""
"https://voiceoverstudiofinder.com/Carlos_Conde","2","index, follow","index, follow, max-video-preview:-1, max-image-preview:large, max-snippet:-1","","","","","Indexable",""
"https://voiceoverstudiofinder.com/CarrieOlsenVO","2","noindex, nofollow","noindex, nofollow, max-video-preview:-1, max-image-preview:large, max-snippet:-1","","","","","Non-Indexable","noindex"
"https://voiceoverstudiofinder.com/CatalystRecording","2","index, follow","index, follow, max-video-preview:-1, max-image-preview:large, max-snippet:-1","","","","","Indexable",""
"https://voiceoverstudiofinder.com/ChocolateFox","2","index, follow","index, follow, max-video-preview:-1, max-image-preview:large, max-snippet:-1","","","","","Indexable",""
"https://voiceoverstudiofinder.com/ChristophWalter","2","index, follow","index, follow, max-video-preview:-1, max-image-preview:large, max-snippet:-1","","","","","Indexable",""
"https://voiceoverstudiofinder.com/ClaireWyatt","2","index, follow","index, follow, max-video-preview:-1, max-image-preview:large, max-snippet:-1","","","","","Indexable",""
"https://voiceoverstudiofinder.com/ClareReevesVoiceovers","2","index, follow","index, follow, max-video-preview:-1, max-image-preview:large, max-snippet:-1","","","","","Indexable",""
"https://voiceoverstudiofinder.com/ClaudiaVoixOff","2","index, follow","index, follow, max-video-preview:-1, max-image-preview:large, max-snippet:-1","","","","","Indexable",""
"https://voiceoverstudiofinder.com/ClearWaveProductions","2","index, follow","index, follow, max-video-preview:-1, max-image-preview:large, max-snippet:-1","","","","","Indexable",""
"https://voiceoverstudiofinder.com/CofeinaStudio","2","index, follow","index, follow, max-video-preview:-1, max-image-preview:large, max-snippet:-1","","","","","Indexable",""
"https://voiceoverstudiofinder.com/ClocktowerStudios","2","index, follow","index, follow, max-video-preview:-1, max-image-preview:large, max-snippet:-1","","","","","Indexable",""
"https://voiceoverstudiofinder.com/CoolMoonMusic","2","index, follow","index, follow, max-video-preview:-1, max-image-preview:large, max-snippet:-1","","","","","Indexable",""
"https://voiceoverstudiofinder.com/CreatiVoices","2","index, follow","index, follow, max-video-preview:-1, max-image-preview:large, max-snippet:-1","","","","","Indexable",""
"https://voiceoverstudiofinder.com/CreativeForce","2","index, follow","index, follow, max-video-preview:-1, max-image-preview:large, max-snippet:-1","","","","","Indexable",""
"https://voiceoverstudiofinder.com/Cromerty","2","index, follow","index, follow, max-video-preview:-1, max-image-preview:large, max-snippet:-1","","","","","Indexable",""
"https://voiceoverstudiofinder.com/Csharp","2","index, follow","index, follow, max-video-preview:-1, max-image-preview:large, max-snippet:-1","","","","","Indexable",""
"https://voiceoverstudiofinder.com/DRS","2","index, follow","index, follow, max-video-preview:-1, max-image-preview:large, max-snippet:-1","","","","","Indexable",""
"https://voiceoverstudiofinder.com/DarrenAltman","2","index, follow","index, follow, max-video-preview:-1, max-image-preview:large, max-snippet:-1","","","","","Indexable",""
"https://voiceoverstudiofinder.com/DavidMorales","2","index, follow","index, follow, max-video-preview:-1, max-image-preview:large, max-snippet:-1","","","","","Indexable",""
"https://voiceoverstudiofinder.com/DbVO14","2","index, follow","index, follow, max-video-preview:-1, max-image-preview:large, max-snippet:-1","","","","","Indexable",""
"https://voiceoverstudiofinder.com/DellaPhillipsVO","2","index, follow","index, follow, max-video-preview:-1, max-image-preview:large, max-snippet:-1","","","","","Indexable",""
"https://voiceoverstudiofinder.com/DestmarkStudio","2","index, follow","index, follow, max-video-preview:-1, max-image-preview:large, max-snippet:-1","","","","","Indexable",""
"https://voiceoverstudiofinder.com/DianneWellerVO","2","index, follow","index, follow, max-video-preview:-1, max-image-preview:large, max-snippet:-1","","","","","Indexable",""
"https://voiceoverstudiofinder.com/DoryHayman","2","index, follow","index, follow, max-video-preview:-1, max-image-preview:large, max-snippet:-1","","","","","Indexable",""
"https://voiceoverstudiofinder.com/DoubleRRStudios","2","index, follow","index, follow, max-video-preview:-1, max-image-preview:large, max-snippet:-1","","","","","Indexable",""
"https://voiceoverstudiofinder.com/DougdeNance","2","index, follow","index, follow, max-video-preview:-1, max-image-preview:large, max-snippet:-1","","","","","Indexable",""
"https://voiceoverstudiofinder.com/DustinEbaugh","2","index, follow","index, follow, max-video-preview:-1, max-image-preview:large, max-snippet:-1","","","","","Indexable",""
"https://voiceoverstudiofinder.com/ECRStudio","2","index, follow","index, follow, max-video-preview:-1, max-image-preview:large, max-snippet:-1","","","","","Indexable",""
"https://voiceoverstudiofinder.com/EEVO","2","index, follow","index, follow, max-video-preview:-1, max-image-preview:large, max-snippet:-1","","","","","Indexable",""
"https://voiceoverstudiofinder.com/ElLocutorio","2","index, follow","index, follow, max-video-preview:-1, max-image-preview:large, max-snippet:-1","","","","","Indexable",""
"https://voiceoverstudiofinder.com/EliranHaKaryan","2","index, follow","index, follow, max-video-preview:-1, max-image-preview:large, max-snippet:-1","","","","","Indexable",""
"https://voiceoverstudiofinder.com/ElisaCanas","2","index, follow","index, follow, max-video-preview:-1, max-image-preview:large, max-snippet:-1","","","","","Indexable",""
"https://voiceoverstudiofinder.com/EmmaDavis","2","index, follow","index, follow, max-video-preview:-1, max-image-preview:large, max-snippet:-1","","","","","Indexable",""
"https://voiceoverstudiofinder.com/Engine7","2","index, follow","index, follow, max-video-preview:-1, max-image-preview:large, max-snippet:-1","","","","","Indexable",""
"https://voiceoverstudiofinder.com/Essex-Recording-Studios","2","index, follow","index, follow, max-video-preview:-1, max-image-preview:large, max-snippet:-1","","","","","Indexable",""
"https://voiceoverstudiofinder.com/Evolutionstudios","2","index, follow","index, follow, max-video-preview:-1, max-image-preview:large, max-snippet:-1","","","","","Indexable",""
"https://voiceoverstudiofinder.com/FayeBradbrook","2","index, follow","index, follow, max-video-preview:-1, max-image-preview:large, max-snippet:-1","","","","","Indexable",""
"https://voiceoverstudiofinder.com/FeltSoundStudio","2","index, follow","index, follow, max-video-preview:-1, max-image-preview:large, max-snippet:-1","","","","","Indexable",""
"https://voiceoverstudiofinder.com/FluxStudiosNYC","2","index, follow","index, follow, max-video-preview:-1, max-image-preview:large, max-snippet:-1","","","","","Indexable",""
"https://voiceoverstudiofinder.com/ForestStudiosLebanon","2","index, follow","index, follow, max-video-preview:-1, max-image-preview:large, max-snippet:-1","","","","","Indexable",""
"https://voiceoverstudiofinder.com/FranMcClellan","2","index, follow","index, follow, max-video-preview:-1, max-image-preview:large, max-snippet:-1","","","","","Indexable",""
"https://voiceoverstudiofinder.com/FrankS","2","index, follow","index, follow, max-video-preview:-1, max-image-preview:large, max-snippet:-1","","","","","Indexable",""
"https://voiceoverstudiofinder.com/FreshAirStudios","2","index, follow","index, follow, max-video-preview:-1, max-image-preview:large, max-snippet:-1","","","","","Indexable",""
"https://voiceoverstudiofinder.com/Fuseaudiodesign","2","index, follow","index, follow, max-video-preview:-1, max-image-preview:large, max-snippet:-1","","","","","Indexable",""
"https://voiceoverstudiofinder.com/GalaxyStudios","2","index, follow","index, follow, max-video-preview:-1, max-image-preview:large, max-snippet:-1","","","","","Indexable",""
"https://voiceoverstudiofinder.com/Garden_of_Sound","2","index, follow","index, follow, max-video-preview:-1, max-image-preview:large, max-snippet:-1","","","","","Indexable",""
"https://voiceoverstudiofinder.com/GaryTerzza","2","index, follow","index, follow, max-video-preview:-1, max-image-preview:large, max-snippet:-1","","","","","Indexable",""
"https://voiceoverstudiofinder.com/GayannePotterVO","2","index, follow","index, follow, max-video-preview:-1, max-image-preview:large, max-snippet:-1","","","","","Indexable",""
"https://voiceoverstudiofinder.com/GetCarter","2","index, follow","index, follow, max-video-preview:-1, max-image-preview:large, max-snippet:-1","","","","","Indexable",""
"https://voiceoverstudiofinder.com/GlasgowMusicStudios","2","index, follow","index, follow, max-video-preview:-1, max-image-preview:large, max-snippet:-1","","","","","Indexable",""
"https://voiceoverstudiofinder.com/GoPhrazy","2","index, follow","index, follow, max-video-preview:-1, max-image-preview:large, max-snippet:-1","","","","","Indexable",""
"https://voiceoverstudiofinder.com/GraffitiStudio","2","index, follow","index, follow, max-video-preview:-1, max-image-preview:large, max-snippet:-1","","","","","Indexable",""
"https://voiceoverstudiofinder.com/GravyForTheBrain","2","index, follow","index, follow, max-video-preview:-1, max-image-preview:large, max-snippet:-1","","","","","Indexable",""
"https://voiceoverstudiofinder.com/GregJasinski","2","index, follow","index, follow, max-video-preview:-1, max-image-preview:large, max-snippet:-1","","","","","Indexable",""
"https://voiceoverstudiofinder.com/HastingsZurich","2","index, follow","index, follow, max-video-preview:-1, max-image-preview:large, max-snippet:-1","","","","","Indexable",""
"https://voiceoverstudiofinder.com/HavenRecording","2","index, follow","index, follow, max-video-preview:-1, max-image-preview:large, max-snippet:-1","","","","","Indexable",""
"https://voiceoverstudiofinder.com/HeavyEntertainment","2","index, follow","index, follow, max-video-preview:-1, max-image-preview:large, max-snippet:-1","","","","","Indexable",""
"https://voiceoverstudiofinder.com/Henschoranch","2","index, follow","index, follow, max-video-preview:-1, max-image-preview:large, max-snippet:-1","","","","","Indexable",""
"https://voiceoverstudiofinder.com/HughHolman","2","index, follow","index, follow, max-video-preview:-1, max-image-preview:large, max-snippet:-1","","","","","Indexable",""
"https://voiceoverstudiofinder.com/IanBrannan","2","index, follow","index, follow, max-video-preview:-1, max-image-preview:large, max-snippet:-1","","","","","Indexable",""
"https://voiceoverstudiofinder.com/Ian_Russell-The_British_Voice","2","index, follow","index, follow, max-video-preview:-1, max-image-preview:large, max-snippet:-1","","","","","Indexable",""
"https://voiceoverstudiofinder.com/ItalianVoices","2","index, follow","index, follow, max-video-preview:-1, max-image-preview:large, max-snippet:-1","","","","","Indexable",""
"https://voiceoverstudiofinder.com/JAD","2","index, follow","index, follow, max-video-preview:-1, max-image-preview:large, max-snippet:-1","","","","","Indexable",""
"https://voiceoverstudiofinder.com/JLRecordingStudios","2","index, follow","index, follow, max-video-preview:-1, max-image-preview:large, max-snippet:-1","","","","","Indexable",""
"https://voiceoverstudiofinder.com/JMPinker","2","index, follow","index, follow, max-video-preview:-1, max-image-preview:large, max-snippet:-1","","","","","Indexable",""
"https://voiceoverstudiofinder.com/JamesAlburger","2","index, follow","index, follow, max-video-preview:-1, max-image-preview:large, max-snippet:-1","","","","","Indexable",""
"https://voiceoverstudiofinder.com/JanAnderson","2","index, follow","index, follow, max-video-preview:-1, max-image-preview:large, max-snippet:-1","","","","","Indexable",""
"https://voiceoverstudiofinder.com/JeffBellVoiceOver","2","index, follow","index, follow, max-video-preview:-1, max-image-preview:large, max-snippet:-1","","","","","Indexable",""
"https://voiceoverstudiofinder.com/JeffBonano","2","index, follow","index, follow, max-video-preview:-1, max-image-preview:large, max-snippet:-1","","","","","Indexable",""
"https://voiceoverstudiofinder.com/Jessica-Virginia","2","index, follow","index, follow, max-video-preview:-1, max-image-preview:large, max-snippet:-1","","","","","Indexable",""
"https://voiceoverstudiofinder.com/JessicaSBaresi","2","index, follow","index, follow, max-video-preview:-1, max-image-preview:large, max-snippet:-1","","","","","Indexable",""
"https://voiceoverstudiofinder.com/JesusMorato2","2","index, follow","index, follow, max-video-preview:-1, max-image-preview:large, max-snippet:-1","","","","","Indexable",""
"https://voiceoverstudiofinder.com/JillKenton","2","noindex, nofollow","noindex, nofollow, max-video-preview:-1, max-image-preview:large, max-snippet:-1","","","","","Non-Indexable","noindex"
"https://voiceoverstudiofinder.com/JingleJungleStudios","2","index, follow","index, follow, max-video-preview:-1, max-image-preview:large, max-snippet:-1","","","","","Indexable",""
"https://voiceoverstudiofinder.com/JoannaRubio_Spanish_Voiceover","2","index, follow","index, follow, max-video-preview:-1, max-image-preview:large, max-snippet:-1","","","","","Indexable",""
"https://voiceoverstudiofinder.com/JohnCalvert","2","index, follow","index, follow, max-video-preview:-1, max-image-preview:large, max-snippet:-1","","","","","Indexable",""
"https://voiceoverstudiofinder.com/JustinBVS","2","index, follow","index, follow, max-video-preview:-1, max-image-preview:large, max-snippet:-1","","","","","Indexable",""
"https://voiceoverstudiofinder.com/KBVoiceovers","2","noindex, nofollow","noindex, nofollow, max-video-preview:-1, max-image-preview:large, max-snippet:-1","","","","","Non-Indexable","noindex"
"https://voiceoverstudiofinder.com/KVHstudios","2","index, follow","index, follow, max-video-preview:-1, max-image-preview:large, max-snippet:-1","","","","","Indexable",""
"https://voiceoverstudiofinder.com/KatiesWestSussexStudio","2","index, follow","index, follow, max-video-preview:-1, max-image-preview:large, max-snippet:-1","","","","","Indexable",""
"https://voiceoverstudiofinder.com/KeithMichaelsVoiceOver","2","index, follow","index, follow, max-video-preview:-1, max-image-preview:large, max-snippet:-1","","","","","Indexable",""
"https://voiceoverstudiofinder.com/KerSound-Studios","2","index, follow","index, follow, max-video-preview:-1, max-image-preview:large, max-snippet:-1","","","","","Indexable",""
"https://voiceoverstudiofinder.com/KevinAndrewRIvera","2","index, follow","index, follow, max-video-preview:-1, max-image-preview:large, max-snippet:-1","","","","","Indexable",""
"https://voiceoverstudiofinder.com/LacuevaAupro","2","index, follow","index, follow, max-video-preview:-1, max-image-preview:large, max-snippet:-1","","","","","Indexable",""
"https://voiceoverstudiofinder.com/LanceDeBock","2","index, follow","index, follow, max-video-preview:-1, max-image-preview:large, max-snippet:-1","","","","","Indexable",""
"https://voiceoverstudiofinder.com/LadbrokeAudio","2","index, follow","index, follow, max-video-preview:-1, max-image-preview:large, max-snippet:-1","","","","","Indexable",""
"https://voiceoverstudiofinder.com/LesleyLyon","2","index, follow","index, follow, max-video-preview:-1, max-image-preview:large, max-snippet:-1","","","","","Indexable",""
"https://voiceoverstudiofinder.com/Lindonentertainment","2","index, follow","index, follow, max-video-preview:-1, max-image-preview:large, max-snippet:-1","","","","","Indexable",""
"https://voiceoverstudiofinder.com/LisaGraydonVO","2","index, follow","index, follow, max-video-preview:-1, max-image-preview:large, max-snippet:-1","","","","","Indexable",""
"https://voiceoverstudiofinder.com/ListenUpAudiobooks","2","index, follow","index, follow, max-video-preview:-1, max-image-preview:large, max-snippet:-1","","","","","Indexable",""
"https://voiceoverstudiofinder.com/LittleMonsterMedia","2","index, follow","index, follow, max-video-preview:-1, max-image-preview:large, max-snippet:-1","","","","","Indexable",""
"https://voiceoverstudiofinder.com/LizDrury","2","index, follow","index, follow, max-video-preview:-1, max-image-preview:large, max-snippet:-1","","","","","Indexable",""
"https://voiceoverstudiofinder.com/Locutor-Acaso","2","index, follow","index, follow, max-video-preview:-1, max-image-preview:large, max-snippet:-1","","","","","Indexable",""
"https://voiceoverstudiofinder.com/LondonVoiceOverStudio","2","index, follow","index, follow, max-video-preview:-1, max-image-preview:large, max-snippet:-1","","","","","Indexable",""
"https://voiceoverstudiofinder.com/LorraineAnsellVoiceArt","2","index, follow","index, follow, max-video-preview:-1, max-image-preview:large, max-snippet:-1","","","","","Indexable",""
"https://voiceoverstudiofinder.com/Loumccp","2","index, follow","index, follow, max-video-preview:-1, max-image-preview:large, max-snippet:-1","","","","","Indexable",""
"https://voiceoverstudiofinder.com/M-StudioBhutan","2","index, follow","index, follow, max-video-preview:-1, max-image-preview:large, max-snippet:-1","","","","","Indexable",""
"https://voiceoverstudiofinder.com/MPP","2","index, follow","index, follow, max-video-preview:-1, max-image-preview:large, max-snippet:-1","","","","","Indexable",""
"https://voiceoverstudiofinder.com/Magicorp","2","index, follow","index, follow, max-video-preview:-1, max-image-preview:large, max-snippet:-1","","","","","Indexable",""
"https://voiceoverstudiofinder.com/MajorLevelRecordingStudio","2","index, follow","index, follow, max-video-preview:-1, max-image-preview:large, max-snippet:-1","","","","","Indexable",""
"https://voiceoverstudiofinder.com/MarcGraueVoiceOverStudios","2","index, follow","index, follow, max-video-preview:-1, max-image-preview:large, max-snippet:-1","","","","","Indexable",""
"https://voiceoverstudiofinder.com/Mark-Szkarosi-hungarian-voiceover-studio","2","index, follow","index, follow, max-video-preview:-1, max-image-preview:large, max-snippet:-1","","","","","Indexable",""
"https://voiceoverstudiofinder.com/MarkThomasVO","2","index, follow","index, follow, max-video-preview:-1, max-image-preview:large, max-snippet:-1","","","","","Indexable",""
"https://voiceoverstudiofinder.com/MarlonBracciaVOinLA","2","noindex, nofollow","noindex, nofollow, max-video-preview:-1, max-image-preview:large, max-snippet:-1","","","","","Non-Indexable","noindex"
"https://voiceoverstudiofinder.com/MarlonRosales","2","index, follow","index, follow, max-video-preview:-1, max-image-preview:large, max-snippet:-1","","","","","Indexable",""
"https://voiceoverstudiofinder.com/Matinee","2","index, follow","index, follow, max-video-preview:-1, max-image-preview:large, max-snippet:-1","","","","","Indexable",""
"https://voiceoverstudiofinder.com/MatineeMulti","2","index, follow","index, follow, max-video-preview:-1, max-image-preview:large, max-snippet:-1","","","","","Indexable",""
"https://voiceoverstudiofinder.com/MaxDupre","2","index, follow","index, follow, max-video-preview:-1, max-image-preview:large, max-snippet:-1","","","","","Indexable",""
"https://voiceoverstudiofinder.com/MichaelDay","2","index, follow","index, follow, max-video-preview:-1, max-image-preview:large, max-snippet:-1","","","","","Indexable",""
"https://voiceoverstudiofinder.com/MilkStudios","2","index, follow","index, follow, max-video-preview:-1, max-image-preview:large, max-snippet:-1","","","","","Indexable",""
"https://voiceoverstudiofinder.com/MobiusStudios","2","index, follow","index, follow, max-video-preview:-1, max-image-preview:large, max-snippet:-1","","","","","Indexable",""
"https://voiceoverstudiofinder.com/MoeRock","2","noindex, nofollow","noindex, nofollow, max-video-preview:-1, max-image-preview:large, max-snippet:-1","","","","","Non-Indexable","noindex"
"https://voiceoverstudiofinder.com/NJPSTUDIOS","2","index, follow","index, follow, max-video-preview:-1, max-image-preview:large, max-snippet:-1","","","","","Indexable",""
"https://voiceoverstudiofinder.com/NWMaleVOwithStudio","2","index, follow","index, follow, max-video-preview:-1, max-image-preview:large, max-snippet:-1","","","","","Indexable",""
"https://voiceoverstudiofinder.com/Narratable","2","index, follow","index, follow, max-video-preview:-1, max-image-preview:large, max-snippet:-1","","","","","Indexable",""
"https://voiceoverstudiofinder.com/NevoSound","2","index, follow","index, follow, max-video-preview:-1, max-image-preview:large, max-snippet:-1","","","","","Indexable",""
"https://voiceoverstudiofinder.com/NicRedVoice","2","index, follow","index, follow, max-video-preview:-1, max-image-preview:large, max-snippet:-1","","","","","Indexable",""
"https://voiceoverstudiofinder.com/OnlineVoices","2","index, follow","index, follow, max-video-preview:-1, max-image-preview:large, max-snippet:-1","","","","","Indexable",""
"https://voiceoverstudiofinder.com/Oscillaterecordings","2","index, follow","index, follow, max-video-preview:-1, max-image-preview:large, max-snippet:-1","","","","","Indexable",""
"https://voiceoverstudiofinder.com/PJVoiceovers","2","index, follow","index, follow, max-video-preview:-1, max-image-preview:large, max-snippet:-1","","","","","Indexable",""
"https://voiceoverstudiofinder.com/PNVo","2","index, follow","index, follow, max-video-preview:-1, max-image-preview:large, max-snippet:-1","","","","","Indexable",""
"https://voiceoverstudiofinder.com/Paolo-Aldini","2","index, follow","index, follow, max-video-preview:-1, max-image-preview:large, max-snippet:-1","","","","","Indexable",""
"https://voiceoverstudiofinder.com/PaoloBalestri","2","index, follow","index, follow, max-video-preview:-1, max-image-preview:large, max-snippet:-1","","","","","Indexable",""
"https://voiceoverstudiofinder.com/PaoloCoruzzi","2","index, follow","index, follow, max-video-preview:-1, max-image-preview:large, max-snippet:-1","","","","","Indexable",""
"https://voiceoverstudiofinder.com/PatrickLunt","2","index, follow","index, follow, max-video-preview:-1, max-image-preview:large, max-snippet:-1","","","","","Indexable",""
"https://voiceoverstudiofinder.com/PaulBoucher","2","index, follow","index, follow, max-video-preview:-1, max-image-preview:large, max-snippet:-1","","","","","Indexable",""
"https://voiceoverstudiofinder.com/PaulDanielsVO","2","index, follow","index, follow, max-video-preview:-1, max-image-preview:large, max-snippet:-1","","","","","Indexable",""
"https://voiceoverstudiofinder.com/PaulLandergan","2","index, follow","index, follow, max-video-preview:-1, max-image-preview:large, max-snippet:-1","","","","","Indexable",""
"https://voiceoverstudiofinder.com/Peeters_Productions","2","index, follow","index, follow, max-video-preview:-1, max-image-preview:large, max-snippet:-1","","","","","Indexable",""
"https://voiceoverstudiofinder.com/PeteNottage","2","index, follow","index, follow, max-video-preview:-1, max-image-preview:large, max-snippet:-1","","","","","Indexable",""
"https://voiceoverstudiofinder.com/Pitstop","2","index, follow","index, follow, max-video-preview:-1, max-image-preview:large, max-snippet:-1","","","","","Indexable",""
"https://voiceoverstudiofinder.com/Playgroundest","2","index, follow","index, follow, max-video-preview:-1, max-image-preview:large, max-snippet:-1","","","","","Indexable",""
"https://voiceoverstudiofinder.com/Podgrecords","2","index, follow","index, follow, max-video-preview:-1, max-image-preview:large, max-snippet:-1","","","","","Indexable",""
"https://voiceoverstudiofinder.com/PostofficeAmsterdam","2","index, follow","index, follow, max-video-preview:-1, max-image-preview:large, max-snippet:-1","","","","","Indexable",""
"https://voiceoverstudiofinder.com/Productionbod","2","index, follow","index, follow, max-video-preview:-1, max-image-preview:large, max-snippet:-1","","","","","Indexable",""
"https://voiceoverstudiofinder.com/PushButtonProductions","2","index, follow","index, follow, max-video-preview:-1, max-image-preview:large, max-snippet:-1","","","","","Indexable",""
"https://voiceoverstudiofinder.com/RBG-Production-Liverpool","2","index, follow","index, follow, max-video-preview:-1, max-image-preview:large, max-snippet:-1","","","","","Indexable",""
"https://voiceoverstudiofinder.com/RK1Studios","2","index, follow","index, follow, max-video-preview:-1, max-image-preview:large, max-snippet:-1","","","","","Indexable",""
"https://voiceoverstudiofinder.com/RachaelMesser","2","index, follow","index, follow, max-video-preview:-1, max-image-preview:large, max-snippet:-1","","","","","Indexable",""
"https://voiceoverstudiofinder.com/RachaelNaylor","2","index, follow","index, follow, max-video-preview:-1, max-image-preview:large, max-snippet:-1","","","","","Indexable",""
"https://voiceoverstudiofinder.com/RadioFacilities","2","noindex, nofollow","noindex, nofollow, max-video-preview:-1, max-image-preview:large, max-snippet:-1","","","","","Non-Indexable","noindex"
"https://voiceoverstudiofinder.com/RameshMahtaniVO","2","index, follow","index, follow, max-video-preview:-1, max-image-preview:large, max-snippet:-1","","","","","Indexable",""
"https://voiceoverstudiofinder.com/RealeVoices","2","index, follow","index, follow, max-video-preview:-1, max-image-preview:large, max-snippet:-1","","","","","Indexable",""
"https://voiceoverstudiofinder.com/ReynaldoInfante","2","index, follow","index, follow, max-video-preview:-1, max-image-preview:large, max-snippet:-1","","","","","Indexable",""
"https://voiceoverstudiofinder.com/RichODonoghue","2","index, follow","index, follow, max-video-preview:-1, max-image-preview:large, max-snippet:-1","","","","","Indexable",""
"https://voiceoverstudiofinder.com/RichardDiBritannia","2","index, follow","index, follow, max-video-preview:-1, max-image-preview:large, max-snippet:-1","","","","","Indexable",""
"https://voiceoverstudiofinder.com/RickLoynes","2","index, follow","index, follow, max-video-preview:-1, max-image-preview:large, max-snippet:-1","","","","","Indexable",""
"https://voiceoverstudiofinder.com/RobinHollings","2","index, follow","index, follow, max-video-preview:-1, max-image-preview:large, max-snippet:-1","","","","","Indexable",""
"https://voiceoverstudiofinder.com/Rosecllc","2","index, follow","index, follow, max-video-preview:-1, max-image-preview:large, max-snippet:-1","","","","","Indexable",""
"https://voiceoverstudiofinder.com/SPGStudios","2","index, follow","index, follow, max-video-preview:-1, max-image-preview:large, max-snippet:-1","","","","","Indexable",""
"https://voiceoverstudiofinder.com/STAC","2","index, follow","index, follow, max-video-preview:-1, max-image-preview:large, max-snippet:-1","","","","","Indexable",""
"https://voiceoverstudiofinder.com/STLAudio","2","index, follow","index, follow, max-video-preview:-1, max-image-preview:large, max-snippet:-1","","","","","Indexable",""
"https://voiceoverstudiofinder.com/SVInstitute","2","index, follow","index, follow, max-video-preview:-1, max-image-preview:large, max-snippet:-1","","","","","Indexable",""
"https://voiceoverstudiofinder.com/ScottJosephMedia","2","index, follow","index, follow, max-video-preview:-1, max-image-preview:large, max-snippet:-1","","","","","Indexable",""
"https://voiceoverstudiofinder.com/ScratchStudioL12","2","index, follow","index, follow, max-video-preview:-1, max-image-preview:large, max-snippet:-1","","","","","Indexable",""
"https://voiceoverstudiofinder.com/SeanOSheaVO","2","index, follow","index, follow, max-video-preview:-1, max-image-preview:large, max-snippet:-1","","","","","Indexable",""
"https://voiceoverstudiofinder.com/Serandini","2","index, follow","index, follow, max-video-preview:-1, max-image-preview:large, max-snippet:-1","","","","","Indexable",""
"https://voiceoverstudiofinder.com/Seslendirmeevi","2","index, follow","index, follow, max-video-preview:-1, max-image-preview:large, max-snippet:-1","","","","","Indexable",""
"https://voiceoverstudiofinder.com/Shake","2","index, follow","index, follow, max-video-preview:-1, max-image-preview:large, max-snippet:-1","","","","","Indexable",""
"https://voiceoverstudiofinder.com/SiJohns","2","index, follow","index, follow, max-video-preview:-1, max-image-preview:large, max-snippet:-1","","","","","Indexable",""
"https://voiceoverstudiofinder.com/SilverBellsAudio","2","index, follow","index, follow, max-video-preview:-1, max-image-preview:large, max-snippet:-1","","","","","Indexable",""
"https://voiceoverstudiofinder.com/SixtySixSound","2","index, follow","index, follow, max-video-preview:-1, max-image-preview:large, max-snippet:-1","","","","","Indexable",""
"https://voiceoverstudiofinder.com/Sonofabrik","2","index, follow","index, follow, max-video-preview:-1, max-image-preview:large, max-snippet:-1","","","","","Indexable",""
"https://voiceoverstudiofinder.com/SophieThomas","2","index, follow","index, follow, max-video-preview:-1, max-image-preview:large, max-snippet:-1","","","","","Indexable",""
"https://voiceoverstudiofinder.com/Sound4VO","2","index, follow","index, follow, max-video-preview:-1, max-image-preview:large, max-snippet:-1","","","","","Indexable",""
"https://voiceoverstudiofinder.com/SoundLogic","2","index, follow","index, follow, max-video-preview:-1, max-image-preview:large, max-snippet:-1","","","","","Indexable",""
"https://voiceoverstudiofinder.com/SoundLogicAudio","2","index, follow","index, follow, max-video-preview:-1, max-image-preview:large, max-snippet:-1","","","","","Indexable",""
"https://voiceoverstudiofinder.com/StevieCripps","2","index, follow","index, follow, max-video-preview:-1, max-image-preview:large, max-snippet:-1","","","","","Indexable",""
"https://voiceoverstudiofinder.com/Spencercorkvo","2","index, follow","index, follow, max-video-preview:-1, max-image-preview:large, max-snippet:-1","","","","","Indexable",""
"https://voiceoverstudiofinder.com/StephanieMatard","2","index, follow","index, follow, max-video-preview:-1, max-image-preview:large, max-snippet:-1","","","","","Indexable",""
"https://voiceoverstudiofinder.com/Studio104Kolkata","2","index, follow","index, follow, max-video-preview:-1, max-image-preview:large, max-snippet:-1","","","","","Indexable",""
"https://voiceoverstudiofinder.com/StudioBRecording","2","index, follow","index, follow, max-video-preview:-1, max-image-preview:large, max-snippet:-1","","","","","Indexable",""
"https://voiceoverstudiofinder.com/Studio770-B","2","index, follow","index, follow, max-video-preview:-1, max-image-preview:large, max-snippet:-1","","","","","Indexable",""
"https://voiceoverstudiofinder.com/THEARABICVOICE","2","index, follow","index, follow, max-video-preview:-1, max-image-preview:large, max-snippet:-1","","","","","Indexable",""
"https://voiceoverstudiofinder.com/TadahMedia","2","index, follow","index, follow, max-video-preview:-1, max-image-preview:large, max-snippet:-1","","","","","Indexable",""
"https://voiceoverstudiofinder.com/TanyaRich","2","index, follow","index, follow, max-video-preview:-1, max-image-preview:large, max-snippet:-1","","","","","Indexable",""
"https://voiceoverstudiofinder.com/Ted-VO-in-Spain","2","index, follow","index, follow, max-video-preview:-1, max-image-preview:large, max-snippet:-1","","","","","Indexable",""
"https://voiceoverstudiofinder.com/TheFrenchVoice","2","index, follow","index, follow, max-video-preview:-1, max-image-preview:large, max-snippet:-1","","","","","Indexable",""
"https://voiceoverstudiofinder.com/TheJMSGroup","2","index, follow","index, follow, max-video-preview:-1, max-image-preview:large, max-snippet:-1","","","","","Indexable",""
"https://voiceoverstudiofinder.com/TheShowreel","2","index, follow","index, follow, max-video-preview:-1, max-image-preview:large, max-snippet:-1","","","","","Indexable",""
"https://voiceoverstudiofinder.com/TheSoundHouse","2","index, follow","index, follow, max-video-preview:-1, max-image-preview:large, max-snippet:-1","","","","","Indexable",""
"https://voiceoverstudiofinder.com/TheVOGallery","2","index, follow","index, follow, max-video-preview:-1, max-image-preview:large, max-snippet:-1","","","","","Indexable",""
"https://voiceoverstudiofinder.com/TheVoiceRepublic","2","index, follow","index, follow, max-video-preview:-1, max-image-preview:large, max-snippet:-1","","","","","Indexable",""
"https://voiceoverstudiofinder.com/TheVoiceOverBooth","2","index, follow","index, follow, max-video-preview:-1, max-image-preview:large, max-snippet:-1","","","","","Indexable",""
"https://voiceoverstudiofinder.com/TomDaniels","2","index, follow","index, follow, max-video-preview:-1, max-image-preview:large, max-snippet:-1","","","","","Indexable",""
"https://voiceoverstudiofinder.com/Thomas-voix-off","2","index, follow","index, follow, max-video-preview:-1, max-image-preview:large, max-snippet:-1","","","","","Indexable",""
"https://voiceoverstudiofinder.com/UKVOICEARTIST","2","index, follow","index, follow, max-video-preview:-1, max-image-preview:large, max-snippet:-1","","","","","Indexable",""
"https://voiceoverstudiofinder.com/VOICEBOXLIVERPOOL","2","index, follow","index, follow, max-video-preview:-1, max-image-preview:large, max-snippet:-1","","","","","Indexable",""
"https://voiceoverstudiofinder.com/VOIX-LA","2","index, follow","index, follow, max-video-preview:-1, max-image-preview:large, max-snippet:-1","","","","","Indexable",""
"https://voiceoverstudiofinder.com/ValenteVO","2","index, follow","index, follow, max-video-preview:-1, max-image-preview:large, max-snippet:-1","","","","","Indexable",""
"https://voiceoverstudiofinder.com/VTRNorth","2","index, follow","index, follow, max-video-preview:-1, max-image-preview:large, max-snippet:-1","","","","","Indexable",""
"https://voiceoverstudiofinder.com/VersatileVoiceovers","2","index, follow","index, follow, max-video-preview:-1, max-image-preview:large, max-snippet:-1","","","","","Indexable",""
"https://voiceoverstudiofinder.com/Vi-ViD","2","index, follow","index, follow, max-video-preview:-1, max-image-preview:large, max-snippet:-1","","","","","Indexable",""
"https://voiceoverstudiofinder.com/Voice-Talent-Online","2","index, follow","index, follow, max-video-preview:-1, max-image-preview:large, max-snippet:-1","","","","","Indexable",""
"https://voiceoverstudiofinder.com/VoiceActingStudios","2","index, follow","index, follow, max-video-preview:-1, max-image-preview:large, max-snippet:-1","","","","","Indexable",""
"https://voiceoverstudiofinder.com/VoiceArchiveADRenaline","2","index, follow","index, follow, max-video-preview:-1, max-image-preview:large, max-snippet:-1","","","","","Indexable",""
"https://voiceoverstudiofinder.com/VoiceCowboys","2","index, follow","index, follow, max-video-preview:-1, max-image-preview:large, max-snippet:-1","","","","","Indexable",""
"https://voiceoverstudiofinder.com/VoiceOverPortuguese","2","index, follow","index, follow, max-video-preview:-1, max-image-preview:large, max-snippet:-1","","","","","Indexable",""
"https://voiceoverstudiofinder.com/VoiceOverVoice","2","index, follow","index, follow, max-video-preview:-1, max-image-preview:large, max-snippet:-1","","","","","Indexable",""
"https://voiceoverstudiofinder.com/VoiceSoundStudio","2","index, follow","index, follow, max-video-preview:-1, max-image-preview:large, max-snippet:-1","","","","","Indexable",""
"https://voiceoverstudiofinder.com/Voicebooking","2","index, follow","index, follow, max-video-preview:-1, max-image-preview:large, max-snippet:-1","","","","","Indexable",""
"https://voiceoverstudiofinder.com/VoiceoverGuy","2","index, follow","index, follow, max-video-preview:-1, max-image-preview:large, max-snippet:-1","","","","","Indexable",""
"https://voiceoverstudiofinder.com/VoiceoverKickstart","2","index, follow","index, follow, max-video-preview:-1, max-image-preview:large, max-snippet:-1","","","","","Indexable",""
"https://voiceoverstudiofinder.com/VoiceoverPaul","2","index, follow","index, follow, max-video-preview:-1, max-image-preview:large, max-snippet:-1","","","","","Indexable",""
"https://voiceoverstudiofinder.com/Voiceovers-UK","2","index, follow","index, follow, max-video-preview:-1, max-image-preview:large, max-snippet:-1","","","","","Indexable",""
"https://voiceoverstudiofinder.com/Voicesther","2","index, follow","index, follow, max-video-preview:-1, max-image-preview:large, max-snippet:-1","","","","","Indexable",""
"https://voiceoverstudiofinder.com/Voprod","2","index, follow","index, follow, max-video-preview:-1, max-image-preview:large, max-snippet:-1","","","","","Indexable",""
"https://voiceoverstudiofinder.com/VoxPros","2","index, follow","index, follow, max-video-preview:-1, max-image-preview:large, max-snippet:-1","","","","","Indexable",""
"https://voiceoverstudiofinder.com/Voxfarm","2","index, follow","index, follow, max-video-preview:-1, max-image-preview:large, max-snippet:-1","","","","","Indexable",""
"https://voiceoverstudiofinder.com/WhatHeSaidVO","2","index, follow","index, follow, max-video-preview:-1, max-image-preview:large, max-snippet:-1","","","","","Indexable",""
"https://voiceoverstudiofinder.com/Webby","2","index, follow","index, follow, max-video-preview:-1, max-image-preview:large, max-snippet:-1","","","","","Indexable",""
"https://voiceoverstudiofinder.com/WorldVoicesSRL","2","index, follow","index, follow, max-video-preview:-1, max-image-preview:large, max-snippet:-1","","","","","Indexable",""
"https://voiceoverstudiofinder.com/YorkshirePodcastStudios","2","noindex, nofollow","noindex, nofollow, max-video-preview:-1, max-image-preview:large, max-snippet:-1","","","","","Non-Indexable","noindex"
"https://voiceoverstudiofinder.com/YvonneChoiceVoices","2","index, follow","index, follow, max-video-preview:-1, max-image-preview:large, max-snippet:-1","","","","","Indexable",""
"https://voiceoverstudiofinder.com/Zavamedia","2","index, follow","index, follow, max-video-preview:-1, max-image-preview:large, max-snippet:-1","","","","","Indexable",""
"https://voiceoverstudiofinder.com/Zweidorff","2","index, follow","index, follow, max-video-preview:-1, max-image-preview:large, max-snippet:-1","","","","","Indexable",""
"https://voiceoverstudiofinder.com/abesudio","2","index, follow","index, follow, max-video-preview:-1, max-image-preview:large, max-snippet:-1","","","","","Indexable",""
"https://voiceoverstudiofinder.com/absstudios","2","index, follow","index, follow, max-video-preview:-1, max-image-preview:large, max-snippet:-1","","","","","Indexable",""
"https://voiceoverstudiofinder.com/adrenalinestudioslv","2","index, follow","index, follow, max-video-preview:-1, max-image-preview:large, max-snippet:-1","","","","","Indexable",""
"https://voiceoverstudiofinder.com/alfonsolugo","2","index, follow","index, follow, max-video-preview:-1, max-image-preview:large, max-snippet:-1","","","","","Indexable",""
"https://voiceoverstudiofinder.com/amitjha","2","index, follow","index, follow, max-video-preview:-1, max-image-preview:large, max-snippet:-1","","","","","Indexable",""
"https://voiceoverstudiofinder.com/anthonygettig","2","index, follow","index, follow, max-video-preview:-1, max-image-preview:large, max-snippet:-1","","","","","Indexable",""
"https://voiceoverstudiofinder.com/appleyardStudios","2","index, follow","index, follow, max-video-preview:-1, max-image-preview:large, max-snippet:-1","","","","","Indexable",""
"https://voiceoverstudiofinder.com/atlvostud","2","index, follow","index, follow, max-video-preview:-1, max-image-preview:large, max-snippet:-1","","","","","Indexable",""
"https://voiceoverstudiofinder.com/audioalways","2","index, follow","index, follow, max-video-preview:-1, max-image-preview:large, max-snippet:-1","","","","","Indexable",""
"https://voiceoverstudiofinder.com/audioberlin","2","index, follow","index, follow, max-video-preview:-1, max-image-preview:large, max-snippet:-1","","","","","Indexable",""
"https://voiceoverstudiofinder.com/backstreet","2","index, follow","index, follow, max-video-preview:-1, max-image-preview:large, max-snippet:-1","","","","","Indexable",""
"https://voiceoverstudiofinder.com/bcorkery","2","index, follow","index, follow, max-video-preview:-1, max-image-preview:large, max-snippet:-1","","","","","Indexable",""
"https://voiceoverstudiofinder.com/beaconstreetstudios","2","index, follow","index, follow, max-video-preview:-1, max-image-preview:large, max-snippet:-1","","","","","Indexable",""
"https://voiceoverstudiofinder.com/bigmouthstudios","2","index, follow","index, follow, max-video-preview:-1, max-image-preview:large, max-snippet:-1","","","","","Indexable",""
"https://voiceoverstudiofinder.com/blackcaverecordings","2","index, follow","index, follow, max-video-preview:-1, max-image-preview:large, max-snippet:-1","","","","","Indexable",""
"https://voiceoverstudiofinder.com/blancheanderson","2","index, follow","index, follow, max-video-preview:-1, max-image-preview:large, max-snippet:-1","","","","","Indexable",""
"https://voiceoverstudiofinder.com/bleach","2","index, follow","index, follow, max-video-preview:-1, max-image-preview:large, max-snippet:-1","","","","","Indexable",""
"https://voiceoverstudiofinder.com/blue1media","2","index, follow","index, follow, max-video-preview:-1, max-image-preview:large, max-snippet:-1","","","","","Indexable",""
"https://voiceoverstudiofinder.com/bonamistudios","2","index, follow","index, follow, max-video-preview:-1, max-image-preview:large, max-snippet:-1","","","","","Indexable",""
"https://voiceoverstudiofinder.com/borja","2","index, follow","index, follow, max-video-preview:-1, max-image-preview:large, max-snippet:-1","","","","","Indexable",""
"https://voiceoverstudiofinder.com/brownbearaudio","2","index, follow","index, follow, max-video-preview:-1, max-image-preview:large, max-snippet:-1","","","","","Indexable",""
"https://voiceoverstudiofinder.com/cankoray","2","index, follow","index, follow, max-video-preview:-1, max-image-preview:large, max-snippet:-1","","","","","Indexable",""
"https://voiceoverstudiofinder.com/carrieafrin","2","index, follow","index, follow, max-video-preview:-1, max-image-preview:large, max-snippet:-1","","","","","Indexable",""
"https://voiceoverstudiofinder.com/chemabazan","2","index, follow","index, follow, max-video-preview:-1, max-image-preview:large, max-snippet:-1","","","","","Indexable",""
"https://voiceoverstudiofinder.com/chrisduke","2","index, follow","index, follow, max-video-preview:-1, max-image-preview:large, max-snippet:-1","","","","","Indexable",""
"https://voiceoverstudiofinder.com/chuckdaviscreative","2","index, follow","index, follow, max-video-preview:-1, max-image-preview:large, max-snippet:-1","","","","","Indexable",""
"https://voiceoverstudiofinder.com/coolmedia","2","index, follow","index, follow, max-video-preview:-1, max-image-preview:large, max-snippet:-1","","","","","Indexable",""
"https://voiceoverstudiofinder.com/creamroom","2","index, follow","index, follow, max-video-preview:-1, max-image-preview:large, max-snippet:-1","","","","","Indexable",""
"https://voiceoverstudiofinder.com/cryingoutloud","2","index, follow","index, follow, max-video-preview:-1, max-image-preview:large, max-snippet:-1","","","","","Indexable",""
"https://voiceoverstudiofinder.com/currentsound","2","index, follow","index, follow, max-video-preview:-1, max-image-preview:large, max-snippet:-1","","","","","Indexable",""
"https://voiceoverstudiofinder.com/danahurley","2","index, follow","index, follow, max-video-preview:-1, max-image-preview:large, max-snippet:-1","","","","","Indexable",""
"https://voiceoverstudiofinder.com/darrenkvo","2","index, follow","index, follow, max-video-preview:-1, max-image-preview:large, max-snippet:-1","","","","","Indexable",""
"https://voiceoverstudiofinder.com/davestuck","2","index, follow","index, follow, max-video-preview:-1, max-image-preview:large, max-snippet:-1","","","","","Indexable",""
"https://voiceoverstudiofinder.com/deaudiofabrique","2","index, follow","index, follow, max-video-preview:-1, max-image-preview:large, max-snippet:-1","","","","","Indexable",""
"https://voiceoverstudiofinder.com/digitalsoundmagic","2","index, follow","index, follow, max-video-preview:-1, max-image-preview:large, max-snippet:-1","","","","","Indexable",""
"https://voiceoverstudiofinder.com/dpntalent","2","index, follow","index, follow, max-video-preview:-1, max-image-preview:large, max-snippet:-1","","","","","Indexable",""
"https://voiceoverstudiofinder.com/dubmaster","2","index, follow","index, follow, max-video-preview:-1, max-image-preview:large, max-snippet:-1","","","","","Indexable",""
"https://voiceoverstudiofinder.com/dubwaystudios","2","index, follow","index, follow, max-video-preview:-1, max-image-preview:large, max-snippet:-1","","","","","Indexable",""
"https://voiceoverstudiofinder.com/echo7recordingstudio","2","index, follow","index, follow, max-video-preview:-1, max-image-preview:large, max-snippet:-1","","","","","Indexable",""
"https://voiceoverstudiofinder.com/echomagic","2","index, follow","index, follow, max-video-preview:-1, max-image-preview:large, max-snippet:-1","","","","","Indexable",""
"https://voiceoverstudiofinder.com/enmoreaudio","2","index, follow","index, follow, max-video-preview:-1, max-image-preview:large, max-snippet:-1","","","","","Indexable",""
"https://voiceoverstudiofinder.com/eraxsound","2","index, follow","index, follow, max-video-preview:-1, max-image-preview:large, max-snippet:-1","","","","","Indexable",""
"https://voiceoverstudiofinder.com/foreveraudio","2","index, follow","index, follow, max-video-preview:-1, max-image-preview:large, max-snippet:-1","","","","","Indexable",""
"https://voiceoverstudiofinder.com/francescapavone","2","index, follow","index, follow, max-video-preview:-1, max-image-preview:large, max-snippet:-1","","","","","Indexable",""
"https://voiceoverstudiofinder.com/frenchvoiceover","2","index, follow","index, follow, max-video-preview:-1, max-image-preview:large, max-snippet:-1","","","","","Indexable",""
"https://voiceoverstudiofinder.com/yo1radio","2","index, follow","index, follow, max-video-preview:-1, max-image-preview:large, max-snippet:-1","","","","","Indexable",""
"https://voiceoverstudiofinder.com/yasirbright","2","index, follow","index, follow, max-video-preview:-1, max-image-preview:large, max-snippet:-1","","","","","Indexable",""
"https://voiceoverstudiofinder.com/wrightcommunicators","2","index, follow","index, follow, max-video-preview:-1, max-image-preview:large, max-snippet:-1","","","","","Indexable",""
"https://voiceoverstudiofinder.com/weenstudio","2","index, follow","index, follow, max-video-preview:-1, max-image-preview:large, max-snippet:-1","","","","","Indexable",""
"https://voiceoverstudiofinder.com/voicetraxwest","2","index, follow","index, follow, max-video-preview:-1, max-image-preview:large, max-snippet:-1","","","","","Indexable",""
"https://voiceoverstudiofinder.com/voicesus","2","index, follow","index, follow, max-video-preview:-1, max-image-preview:large, max-snippet:-1","","","","","Indexable",""
"https://voiceoverstudiofinder.com/voicesuk","2","index, follow","index, follow, max-video-preview:-1, max-image-preview:large, max-snippet:-1","","","","","Indexable",""
"https://voiceoverstudiofinder.com/voiceoverkids","2","index, follow","index, follow, max-video-preview:-1, max-image-preview:large, max-snippet:-1","","","","","Indexable",""
"https://voiceoverstudiofinder.com/voiceovergirl","2","index, follow","index, follow, max-video-preview:-1, max-image-preview:large, max-snippet:-1","","","","","Indexable",""
"https://voiceoverstudiofinder.com/voiceofdrew","2","index, follow","index, follow, max-video-preview:-1, max-image-preview:large, max-snippet:-1","","","","","Indexable",""
"https://voiceoverstudiofinder.com/voicebubble","2","index, follow","index, follow, max-video-preview:-1, max-image-preview:large, max-snippet:-1","","","","","Indexable",""
"https://voiceoverstudiofinder.com/vicsvoice","2","index, follow","index, follow, max-video-preview:-1, max-image-preview:large, max-snippet:-1","","","","","Indexable",""
"https://voiceoverstudiofinder.com/troyrodger","2","index, follow","index, follow, max-video-preview:-1, max-image-preview:large, max-snippet:-1","","","","","Indexable",""
"https://voiceoverstudiofinder.com/velvetestudio","2","index, follow","index, follow, max-video-preview:-1, max-image-preview:large, max-snippet:-1","","","","","Indexable",""
"https://voiceoverstudiofinder.com/tpthai2","2","index, follow","index, follow, max-video-preview:-1, max-image-preview:large, max-snippet:-1","","","","","Indexable",""
"https://voiceoverstudiofinder.com/tonysalter","2","index, follow","index, follow, max-video-preview:-1, max-image-preview:large, max-snippet:-1","","","","","Indexable",""
"https://voiceoverstudiofinder.com/tommarshall","2","index, follow","index, follow, max-video-preview:-1, max-image-preview:large, max-snippet:-1","","","","","Indexable",""
"https://voiceoverstudiofinder.com/thurstonday","2","index, follow","index, follow, max-video-preview:-1, max-image-preview:large, max-snippet:-1","","","","","Indexable",""
"https://voiceoverstudiofinder.com/thomascgass","2","index, follow","index, follow, max-video-preview:-1, max-image-preview:large, max-snippet:-1","","","","","Indexable",""
"https://voiceoverstudiofinder.com/thevoiceofbarbara","2","index, follow","index, follow, max-video-preview:-1, max-image-preview:large, max-snippet:-1","","","","","Indexable",""
"https://voiceoverstudiofinder.com/theuddermediacompany","2","index, follow","index, follow, max-video-preview:-1, max-image-preview:large, max-snippet:-1","","","","","Indexable",""
"https://voiceoverstudiofinder.com/thesounddistillerynyc","2","index, follow","index, follow, max-video-preview:-1, max-image-preview:large, max-snippet:-1","","","","","Indexable",""
"https://voiceoverstudiofinder.com/theotheroperation","2","index, follow","index, follow, max-video-preview:-1, max-image-preview:large, max-snippet:-1","","","","","Indexable",""
"https://voiceoverstudiofinder.com/theluckyhorsestudio","2","index, follow","index, follow, max-video-preview:-1, max-image-preview:large, max-snippet:-1","","","","","Indexable",""
"https://voiceoverstudiofinder.com/thekeeprecordingdenver","2","index, follow","index, follow, max-video-preview:-1, max-image-preview:large, max-snippet:-1","","","","","Indexable",""
"https://voiceoverstudiofinder.com/thearabicvoiceover","2","index, follow","index, follow, max-video-preview:-1, max-image-preview:large, max-snippet:-1","","","","","Indexable",""
"https://voiceoverstudiofinder.com/suchavoices","2","index, follow","index, follow, max-video-preview:-1, max-image-preview:large, max-snippet:-1","","","","","Indexable",""
"https://voiceoverstudiofinder.com/tadstudios","2","index, follow","index, follow, max-video-preview:-1, max-image-preview:large, max-snippet:-1","","","","","Indexable",""
"https://voiceoverstudiofinder.com/studioxander","2","index, follow","index, follow, max-video-preview:-1, max-image-preview:large, max-snippet:-1","","","","","Indexable",""
"https://voiceoverstudiofinder.com/studio52group","2","index, follow","index, follow, max-video-preview:-1, max-image-preview:large, max-snippet:-1","","","","","Indexable",""
"https://voiceoverstudiofinder.com/studio52audio","2","index, follow","index, follow, max-video-preview:-1, max-image-preview:large, max-snippet:-1","","","","","Indexable",""
"https://voiceoverstudiofinder.com/studio3audio","2","index, follow","index, follow, max-video-preview:-1, max-image-preview:large, max-snippet:-1","","","","","Indexable",""
"https://voiceoverstudiofinder.com/studio-oranjeoord","2","index, follow","index, follow, max-video-preview:-1, max-image-preview:large, max-snippet:-1","","","","","Indexable",""
"https://voiceoverstudiofinder.com/stonemanstudios","2","index, follow","index, follow, max-video-preview:-1, max-image-preview:large, max-snippet:-1","","","","","Indexable",""
"https://voiceoverstudiofinder.com/stevelawsonvoice","2","index, follow","index, follow, max-video-preview:-1, max-image-preview:large, max-snippet:-1","","","","","Indexable",""
"https://voiceoverstudiofinder.com/stephen3760","2","index, follow","index, follow, max-video-preview:-1, max-image-preview:large, max-snippet:-1","","","","","Indexable",""
"https://voiceoverstudiofinder.com/ssnstudios","2","index, follow","index, follow, max-video-preview:-1, max-image-preview:large, max-snippet:-1","","","","","Indexable",""
"https://voiceoverstudiofinder.com/spokenherestudios","2","index, follow","index, follow, max-video-preview:-1, max-image-preview:large, max-snippet:-1","","","","","Indexable",""
"https://voiceoverstudiofinder.com/southlanesstudios","2","index, follow","index, follow, max-video-preview:-1, max-image-preview:large, max-snippet:-1","","","","","Indexable",""
"https://voiceoverstudiofinder.com/spanishvox","2","index, follow","index, follow, max-video-preview:-1, max-image-preview:large, max-snippet:-1","","","","","Indexable",""
"https://voiceoverstudiofinder.com/soundwaves","2","index, follow","index, follow, max-video-preview:-1, max-image-preview:large, max-snippet:-1","","","","","Indexable",""
"https://voiceoverstudiofinder.com/soundvine","2","index, follow","index, follow, max-video-preview:-1, max-image-preview:large, max-snippet:-1","","","","","Indexable",""
"https://voiceoverstudiofinder.com/soundcircus","2","index, follow","index, follow, max-video-preview:-1, max-image-preview:large, max-snippet:-1","","","","","Indexable",""
"https://voiceoverstudiofinder.com/soundBOXLA","2","index, follow","index, follow, max-video-preview:-1, max-image-preview:large, max-snippet:-1","","","","","Indexable",""
"https://voiceoverstudiofinder.com/skogenstudios","2","index, follow","index, follow, max-video-preview:-1, max-image-preview:large, max-snippet:-1","","","","","Indexable",""
"https://voiceoverstudiofinder.com/silentmedia","2","index, follow","index, follow, max-video-preview:-1, max-image-preview:large, max-snippet:-1","","","","","Indexable",""
"https://voiceoverstudiofinder.com/sergedemarre","2","index, follow","index, follow, max-video-preview:-1, max-image-preview:large, max-snippet:-1","","","","","Indexable",""
"https://voiceoverstudiofinder.com/seantraffic","2","index, follow","index, follow, max-video-preview:-1, max-image-preview:large, max-snippet:-1","","","","","Indexable",""
"https://voiceoverstudiofinder.com/schalldose","2","index, follow","index, follow, max-video-preview:-1, max-image-preview:large, max-snippet:-1","","","","","Indexable",""
"https://voiceoverstudiofinder.com/russianvoiceovers","2","index, follow","index, follow, max-video-preview:-1, max-image-preview:large, max-snippet:-1","","","","","Indexable",""
"https://voiceoverstudiofinder.com/rogerwoodsvo","2","index, follow","index, follow, max-video-preview:-1, max-image-preview:large, max-snippet:-1","","","","","Indexable",""
"https://voiceoverstudiofinder.com/robinrowan","2","index, follow","index, follow, max-video-preview:-1, max-image-preview:large, max-snippet:-1","","","","","Indexable",""
"https://voiceoverstudiofinder.com/redwallstudios","2","index, follow","index, follow, max-video-preview:-1, max-image-preview:large, max-snippet:-1","","","","","Indexable",""
"https://voiceoverstudiofinder.com/radiolounge","2","index, follow","index, follow, max-video-preview:-1, max-image-preview:large, max-snippet:-1","","","","","Indexable",""
"https://voiceoverstudiofinder.com/radiodude","2","index, follow","index, follow, max-video-preview:-1, max-image-preview:large, max-snippet:-1","","","","","Indexable",""
"https://voiceoverstudiofinder.com/prosoul","2","index, follow","index, follow, max-video-preview:-1, max-image-preview:large, max-snippet:-1","","","","","Indexable",""
"https://voiceoverstudiofinder.com/postal","2","index, follow","index, follow, max-video-preview:-1, max-image-preview:large, max-snippet:-1","","","","","Indexable",""
"https://voiceoverstudiofinder.com/plushrecording","2","index, follow","index, follow, max-video-preview:-1, max-image-preview:large, max-snippet:-1","","","","","Indexable",""
"https://voiceoverstudiofinder.com/phoenixclark","2","index, follow","index, follow, max-video-preview:-1, max-image-preview:large, max-snippet:-1","","","","","Indexable",""
"https://voiceoverstudiofinder.com/paulstefano","2","index, follow","index, follow, max-video-preview:-1, max-image-preview:large, max-snippet:-1","","","","","Indexable",""
"https://voiceoverstudiofinder.com/paftel","2","index, follow","index, follow, max-video-preview:-1, max-image-preview:large, max-snippet:-1","","","","","Indexable",""
"https://voiceoverstudiofinder.com/onopost","2","index, follow","index, follow, max-video-preview:-1, max-image-preview:large, max-snippet:-1","","","","","Indexable",""
"https://voiceoverstudiofinder.com/newgenlabs","2","index, follow","index, follow, max-video-preview:-1, max-image-preview:large, max-snippet:-1","","","","","Indexable",""
"https://voiceoverstudiofinder.com/omniproductions","2","index, follow","index, follow, max-video-preview:-1, max-image-preview:large, max-snippet:-1","","","","","Indexable",""
"https://voiceoverstudiofinder.com/nealejames","2","index, follow","index, follow, max-video-preview:-1, max-image-preview:large, max-snippet:-1","","","","","Indexable",""
"https://voiceoverstudiofinder.com/naranjovoiceover","2","index, follow","index, follow, max-video-preview:-1, max-image-preview:large, max-snippet:-1","","","","","Indexable",""
"https://voiceoverstudiofinder.com/musicradiocreative","2","index, follow","index, follow, max-video-preview:-1, max-image-preview:large, max-snippet:-1","","","","","Indexable",""
"https://voiceoverstudiofinder.com/mpdee","2","index, follow","index, follow, max-video-preview:-1, max-image-preview:large, max-snippet:-1","","","","","Indexable",""
"https://voiceoverstudiofinder.com/millerthevoice","2","index, follow","index, follow, max-video-preview:-1, max-image-preview:large, max-snippet:-1","","","","","Indexable",""
"https://voiceoverstudiofinder.com/mietmaul","2","index, follow","index, follow, max-video-preview:-1, max-image-preview:large, max-snippet:-1","","","","","Indexable",""
"https://voiceoverstudiofinder.com/michellebushvo","2","index, follow","index, follow, max-video-preview:-1, max-image-preview:large, max-snippet:-1","","","","","Indexable",""
"https://voiceoverstudiofinder.com/mehmetonur","2","index, follow","index, follow, max-video-preview:-1, max-image-preview:large, max-snippet:-1","","","","","Indexable",""
"https://voiceoverstudiofinder.com/meguicabrera","2","index, follow","index, follow, max-video-preview:-1, max-image-preview:large, max-snippet:-1","","","","","Indexable",""
"https://voiceoverstudiofinder.com/mediapiu","2","index, follow","index, follow, max-video-preview:-1, max-image-preview:large, max-snippet:-1","","","","","Indexable",""
"https://voiceoverstudiofinder.com/maxi_j","2","index, follow","index, follow, max-video-preview:-1, max-image-preview:large, max-snippet:-1","","","","","Indexable",""
"https://voiceoverstudiofinder.com/marcos","2","index, follow","index, follow, max-video-preview:-1, max-image-preview:large, max-snippet:-1","","","","","Indexable",""
"https://voiceoverstudiofinder.com/mapleststudios","2","index, follow","index, follow, max-video-preview:-1, max-image-preview:large, max-snippet:-1","","","","","Indexable",""
"https://voiceoverstudiofinder.com/magneticstudios","2","index, follow","index, follow, max-video-preview:-1, max-image-preview:large, max-snippet:-1","","","","","Indexable",""
"https://voiceoverstudiofinder.com/luckydogap","2","index, follow","index, follow, max-video-preview:-1, max-image-preview:large, max-snippet:-1","","","","","Indexable",""
"https://voiceoverstudiofinder.com/lucentumdigital","2","index, follow","index, follow, max-video-preview:-1, max-image-preview:large, max-snippet:-1","","","","","Indexable",""
"https://voiceoverstudiofinder.com/lofthamburg","2","index, follow","index, follow, max-video-preview:-1, max-image-preview:large, max-snippet:-1","","","","","Indexable",""
"https://voiceoverstudiofinder.com/locutorya","2","noindex, nofollow","noindex, nofollow, max-video-preview:-1, max-image-preview:large, max-snippet:-1","","","","","Non-Indexable","noindex"
"https://voiceoverstudiofinder.com/locutor99","2","index, follow","index, follow, max-video-preview:-1, max-image-preview:large, max-snippet:-1","","","","","Indexable",""
"https://voiceoverstudiofinder.com/locutor-david-rodriguez","2","index, follow","index, follow, max-video-preview:-1, max-image-preview:large, max-snippet:-1","","","","","Indexable",""
"https://voiceoverstudiofinder.com/liamruairi","2","index, follow","index, follow, max-video-preview:-1, max-image-preview:large, max-snippet:-1","","","","","Indexable",""
"https://voiceoverstudiofinder.com/leeglasby","2","index, follow","index, follow, max-video-preview:-1, max-image-preview:large, max-snippet:-1","","","","","Indexable",""
"https://voiceoverstudiofinder.com/lanabananastudios","2","index, follow","index, follow, max-video-preview:-1, max-image-preview:large, max-snippet:-1","","","","","Indexable",""
"https://voiceoverstudiofinder.com/krazykatie","2","index, follow","index, follow, max-video-preview:-1, max-image-preview:large, max-snippet:-1","","","","","Indexable",""
"https://voiceoverstudiofinder.com/kjvoxcom","2","index, follow","index, follow, max-video-preview:-1, max-image-preview:large, max-snippet:-1","","","","","Indexable",""
"https://voiceoverstudiofinder.com/jvalverde","2","index, follow","index, follow, max-video-preview:-1, max-image-preview:large, max-snippet:-1","","","","","Indexable",""
"https://voiceoverstudiofinder.com/julienbocher","2","index, follow","index, follow, max-video-preview:-1, max-image-preview:large, max-snippet:-1","","","","","Indexable",""
"https://voiceoverstudiofinder.com/josee76","2","index, follow","index, follow, max-video-preview:-1, max-image-preview:large, max-snippet:-1","","","","","Indexable",""
"https://voiceoverstudiofinder.com/jonjeffriesvoiceoverartist","2","index, follow","index, follow, max-video-preview:-1, max-image-preview:large, max-snippet:-1","","","","","Indexable",""
"https://voiceoverstudiofinder.com/jongerenstemnl","2","index, follow","index, follow, max-video-preview:-1, max-image-preview:large, max-snippet:-1","","","","","Indexable",""
"https://voiceoverstudiofinder.com/joncaruth","2","index, follow","index, follow, max-video-preview:-1, max-image-preview:large, max-snippet:-1","","","","","Indexable",""
"https://voiceoverstudiofinder.com/joewakeford","2","index, follow","index, follow, max-video-preview:-1, max-image-preview:large, max-snippet:-1","","","","","Indexable",""
"https://voiceoverstudiofinder.com/joelewis","2","index, follow","index, follow, max-video-preview:-1, max-image-preview:large, max-snippet:-1","","","","","Indexable",""
"https://voiceoverstudiofinder.com/jcdominguez","2","index, follow","index, follow, max-video-preview:-1, max-image-preview:large, max-snippet:-1","","","","","Indexable",""
"https://voiceoverstudiofinder.com/jasonbermingham","2","index, follow","index, follow, max-video-preview:-1, max-image-preview:large, max-snippet:-1","","","","","Indexable",""
"https://voiceoverstudiofinder.com/jamesgillies","2","index, follow","index, follow, max-video-preview:-1, max-image-preview:large, max-snippet:-1","","","","","Indexable",""
"https://voiceoverstudiofinder.com/jackoddie","2","index, follow","index, follow, max-video-preview:-1, max-image-preview:large, max-snippet:-1","","","","","Indexable",""
"https://voiceoverstudiofinder.com/italianvoiceovers","2","index, follow","index, follow, max-video-preview:-1, max-image-preview:large, max-snippet:-1","","","","","Indexable",""
"https://voiceoverstudiofinder.com/intonaudio","2","index, follow","index, follow, max-video-preview:-1, max-image-preview:large, max-snippet:-1","","","","","Indexable",""
"https://voiceoverstudiofinder.com/imagesoundstudios","2","index, follow","index, follow, max-video-preview:-1, max-image-preview:large, max-snippet:-1","","","","","Indexable",""
"https://voiceoverstudiofinder.com/ideasonora","2","index, follow","index, follow, max-video-preview:-1, max-image-preview:large, max-snippet:-1","","","","","Indexable",""
"https://voiceoverstudiofinder.com/hughythomas","2","index, follow","index, follow, max-video-preview:-1, max-image-preview:large, max-snippet:-1","","","","","Indexable",""
"https://voiceoverstudiofinder.com/helenknott","2","index, follow","index, follow, max-video-preview:-1, max-image-preview:large, max-snippet:-1","","","","","Indexable",""
"https://voiceoverstudiofinder.com/hartermusic","2","index, follow","index, follow, max-video-preview:-1, max-image-preview:large, max-snippet:-1","","","","","Indexable",""
"https://voiceoverstudiofinder.com/happy_accident","2","index, follow","index, follow, max-video-preview:-1, max-image-preview:large, max-snippet:-1","","","","","Indexable",""
"https://voiceoverstudiofinder.com/hannahpattersonmedia","2","index, follow","index, follow, max-video-preview:-1, max-image-preview:large, max-snippet:-1","","","","","Indexable",""
"https://voiceoverstudiofinder.com/halfyardstudios","2","index, follow","index, follow, max-video-preview:-1, max-image-preview:large, max-snippet:-1","","","","","Indexable",""
"https://voiceoverstudiofinder.com/gonzalomoreno","2","index, follow","index, follow, max-video-preview:-1, max-image-preview:large, max-snippet:-1","","","","","Indexable",""
"https://voiceoverstudiofinder.com/golocalise","2","index, follow","index, follow, max-video-preview:-1, max-image-preview:large, max-snippet:-1","","","","","Indexable",""
"https://voiceoverstudiofinder.com/gaydio","2","index, follow","index, follow, max-video-preview:-1, max-image-preview:large, max-snippet:-1","","","","","Indexable",""
"https://voiceoverstudiofinder.com/garders","2","index, follow","index, follow, max-video-preview:-1, max-image-preview:large, max-snippet:-1","","","","","Indexable",""
